Emma,
Olivia,
Ava,
Sophia,
Isabella,
Mia,
Charlotte,
Abigail,
Emily,
Harper,
Amelia,
Evelyn,
Elizabeth,
Sofia,
Madison,
Avery,
Ella,
Scarlett,
Grace,
Chloe,
Victoria,
Riley,
Aria,
Lily,
Aubrey,
Zoey,
Penelope,
Lillian,
Addison,
Layla,
Natalie,
Camila,
Hannah,
Brooklyn,
Zoe,
Nora,
Leah,
Savannah,
Audrey,
Claire,
Eleanor,
Skylar,
Ellie,
Samantha,
Stella,
Violet,
Paisley,
Mila,
Anna,
Allison,
Alexa,
Hazel,
Aaliyah,
Lucy,
Ariana,
Caroline,
Sarah,
Genesis,
Kennedy,
Sadie,
Gabriella,
Madelyn,
Adeline,
Maya,
Autumn,
Aurora,
Piper,
Hailey,
Arianna,
Ruby,
Serenity,
Kaylee,
Eva,
Naomi,
Nevaeh,
Alice,
Luna,
Bella,
Quinn,
Lydia,
Peyton,
Melanie,
Kylie,
Aubree,
Mackenzie,
Cora,
Kinsley,
Julia,
Madeline,
Taylor,
Katherine,
Gianna,
Eliana,
Elena,
Vivian,
Willow,
Reagan,
Brianna,
Clara,
Faith,
Ashley,
Emilia,
Isabelle,
Annabelle,
Rylee,
Valentina,
Everly,
Hadley,
Sophie,
Alexandra,
Natalia,
Ivy,
Maria,
Josephine,
Delilah,
Bailey,
Jade,
Alexis,
Ximena,
Alyssa,
Brielle,
Jasmine,
Liliana,
Adalynn,
Khloe,
Isla,
Mary,
Andrea,
Kayla,
Emery,
London,
Morgan,
Kimberly,
Lauren,
Sydney,
Nova,
Trinity,
Lyla,
Margaret,
Ariel,
Adalyn,
Athena,
Lilly,
Melody,
Isabel,
Jordyn,
Jocelyn,
Eden,
Paige,
Teagan,
Valeria,
Sara,
Rose,
Norah,
Aliyah,
Mckenzie,
Molly,
Raelynn,
Leilani,
Emerson,
Valerie,
Juliana,
Nicole,
Laila,
Makayla,
Mariah,
Elise,
Mya,
Arya,
Ryleigh,
Adaline,
Rachel,
Brooke,
Eliza,
Angelina,
Amy,
Cecilia,
Reese,
Alina,
Londyn,
Gracie,
Esther,
Payton,
Alaina,
Charlie,
Iris,
Arabella,
Genevieve,
Finley,
Daisy,
Harmony,
Anastasia,
Kendall,
Daniela,
Catherine,
Adelyn,
Vanessa,
Juliette,
Brooklynn,
Julianna,
Presley,
Summer,
Destiny,
Amaya,
Hayden,
Rebecca,
Alana,
Eloise,
Michelle,
Fiona,
Lila,
Callie,
Lucia,
Angela,
Marley,
Adriana,
Parker,
Alexandria,
Giselle,
Alivia,
Alayna,
Ana,
Brynlee,
Harley,
Gabrielle,
Dakota,
Georgia,
Juliet,
Tessa,
Kate,
Leila,
Jessica,
Jayla,
Lola,
Sienna,
Stephanie,
Josie,
Daleyza,
Rowan,
Hope,
Evangeline,
Maggie,
Makenzie,
Camille,
Vivienne,
Sawyer,
Gemma,
Joanna,
Noelle,
Elliana,
Mckenna,
Gabriela,
Rosalie,
Kinley,
Adelaide,
Brynn,
Ayla,
Melissa,
Amiyah,
Malia,
Izabella,
Delaney,
Journey,
Cali,
Sloane,
Maci,
Elaina,
June,
Diana,
Blakely,
Aniyah,
Olive,
Jennifer,
Paris,
Lena,
Miranda,
Lyric,
Jacqueline,
Jane,
Raegan,
Lilliana,
Lucille,
Paislee,
River,
Adelynn,
Annie,
Selena,
Cassidy,
Jordan,
Thea,
Miriam,
Mariana,
Amina,
Haven,
Charlee,
Remi,
Ruth,
Blake,
Lilah,
Amara,
Kali,
Kylee,
Arielle,
Emersyn,
Alessandra,
Fatima,
Talia,
Vera,
Ariah,
Nina,
Allie,
Addilyn,
Keira,
Phoebe,
Catalina,
Raelyn,
Lexi,
Zara,
Ember,
Makenna,
Angel,
Haley,
Leia,
Rylie,
Madilyn,
Amanda,
Heaven,
Freya,
Nyla,
Kaitlyn,
Danielle,
Journee,
Daniella,
Kenzie,
Lia,
Maddison,
Ariella,
Brinley,
Shelby,
Elsie,
Kamila,
Camilla,
Alison,
Ainsley,
Ada,
Laura,
Kendra,
Juniper,
Madeleine,
Kayleigh,
Adrianna,
Joy,
Sage,
Chelsea,
Erin,
Felicity,
Gracelyn,
Nadia,
Briella,
Skyler,
Aspen,
Myla,
Katie,
Heidi,
Zuri,
Jenna,
Kyla,
Kaia,
Kira,
Sabrina,
Gracelynn,
Amira,
Gia,
Amber,
Esmeralda,
Katelyn,
Alexia,
Cadence,
Miracle,
Alicia,
Scarlet,
Kamryn,
Kelsey,
Logan,
Bianca,
Kiara,
Kaydence,
Christina,
Lana,
Dahlia,
Alondra,
Evelynn,
Aviana,
Dylan,
Anaya,
Kathryn,
Ashlyn,
Jada,
Elle,
Jimena,
Gwendolyn,
April,
Mikayla,
Carmen,
Annalise,
Maeve,
Daphne,
Camryn,
Helen,
Veronica,
Braelynn,
Carly,
Cheyenne,
Leslie,
Nylah,
Kennedi,
Skye,
Evie,
Harlow,
Averie,
Carolina,
Allyson,
Tatum,
Sierra,
Francesca,
Ashlynn,
Aylin,
Mckinley,
Leighton,
Maliyah,
Annabella,
Megan,
Margot,
Luciana,
Mallory,
Millie,
Rosemary,
Nia,
Regina,
Saylor,
Abby,
Phoenix,
Briana,
Viviana,
Alejandra,
Frances,
Jayleen,
Serena,
Lorelei,
Zariah,
Ariyah,
Avianna,
Jazmin,
Marlee,
Carter,
Eve,
Remington,
Aleah,
Amari,
Bethany,
Willa,
Fernanda,
Malaysia,
Ryan,
Liana,
Selah,
Addyson,
Yaretzi,
Macie,
Colette,
Madelynn,
Michaela,
Nayeli,
Justice,
Samara,
Priscilla,
Janelle,
Itzel,
Lennon,
Aubrie,
Emely,
Kyleigh,
Julie,
Sarai,
Braelyn,
Edith,
Alani,
Lacey,
Marilyn,
Elisa,
Raven,
Karina,
Baylee,
Celeste,
Macy,
Matilda,
Adelina,
Jamie,
Kara,
Sylvia,
Angelica,
Charleigh,
Aisha,
Kassidy,
Hattie,
Winter,
Magnolia,
Karen,
Aleena,
Danna,
Henley,
Cataleya,
Mabel,
Kelly,
Virginia,
Jillian,
Brylee,
Jazlyn,
Helena,
Madilynn,
Blair,
Kensley,
Emmalyn,
Galilea,
Wren,
Holly,
Bristol,
Cameron,
Meredith,
Lauryn,
Sasha,
Hanna,
Royalty,
Lilith,
Jazmine,
Alayah,
Cecelia,
Lainey,
Liberty,
Madisyn,
Imani,
Mira,
Renata,
Kyra,
Brittany,
Savanna,
Mariam,
Tenley,
Gloria,
Skyla,
Aitana,
Giuliana,
Myra,
Johanna,
Maryam,
Anne,
Beatrice,
Charley,
Tiffany,
Lilian,
Karla,
Alanna,
Janiyah,
Cynthia,
Demi,
Melany,
Pearl,
Jaylah,
Cassandra,
Everleigh,
Jolene,
Maia,
Crystal,
Maisie,
Elianna,
Anahi,
Hallie,
Ivanna,
Oakley,
Ophelia,
Emelia,
Mae,
Marie,
Rebekah,
Azalea,
Haylee,
Bailee,
Monica,
Anika,
Sloan,
Kimber,
Jayda,
Anya,
Bridget,
Leona,
Kailey,
Marissa,
Julissa,
Addisyn,
Aileen,
Coraline,
Kaylie,
Dayana,
Kaliyah,
Shiloh,
Elaine,
Jaliyah,
Celine,
Lillie,
Jaelyn,
Madalyn,
Melina,
Addilynn,
Jemma,
Alaia,
Mikaela,
Saige,
Adley,
Angie,
Braylee,