Noah,
Lia
Willia
Mason,
James,
Benjamin,
Jacob,
Michael,
Elijah,
Ethan,
Alexander,
Oliver,
Daniel,
Lucas,
Matthew,
Aiden,
Jackson,
Logan,
David,
Joseph,
Samuel,
Henry,
Owen,
Sebastian,
Gabriel,
Carter,
Jayden,
John,
Luke,
Anthony,
Isaac,
Dylan,
Wyatt,
Andrew,
Joshua,
Christopher,
Grayson,
Jack,
Julian,
Ryan,
Jaxon,
Levi,
Nathan,
Caleb,
Hunter,
Christian,
Isaiah,
Thomas,
Aaron,
Lincoln,
Charles,
Eli,
Landon,
Connor,
Josiah,
Jonathan,
Cameron,
Jeremiah,
Mateo,
Adrian,
Hudson,
Robert,
Nicholas,
Brayden,
Easton,
Jordan,
Nolan,
Colton,
Evan,
Angel,
Asher,
Dominic,
Austin,
Leo,
Ada
Jace,
Jose,
Ian,
Cooper,
Gavin,
Carson,
Theodore,
Jaxson,
Ezra,
Jason,
Chase,
Parker,
Xavier,
Zachary,
Kevin,
Tyler,
Ayden,
Elias,
Bryson,
Leonardo,
Greyson,
Sawyer,
Roman,
Brandon,
Bentley,
Kayden,
Ryder,
Nathaniel,
Vincent,
Miles,
Santiago,
Harrison,
Tristan,
Declan,
Cole,
Maxwell,
Justin,
Luis,
Everett,
Micah,
Axel,
Wesley,
Max,
Silas,
Weston,
Ezekiel,
Juan,
Damian,
Camden,
George,
Braxton,
Blake,
Jameson,
Carlos,
Diego,
Ivan,
Kingston,
Ashton,
Jesus,
Brody,
Emmett,
Abel,
Jayce,
Maverick,
Bennett,
Giovanni,
Eric,
Maddox,
Kaiden,
Kai,
Alex,
Bryce,
Ryker,
Calvin,
Jonah,
Luca,
Timothy,
King,
Alan,
Malachi,
Brantley,
Abraha
Emmanuel,
Antonio,
Jude,
Richard,
Edward,
Miguel,
Victor,
Amir,
Joel,
Steven,
Hayden,
Matteo,
Patrick,
Grant,
Preston,
Tucker,
Jesse,
Finn,
Oscar,
Kaleb,
Gael,
Graha
Elliot,
Alejandro,
Rowan,
Marcus,
Jeremy,
Zayden,
Bryan,
Maximus,
Beau,
Karter,
Avery,
Aidan,
Elliott,
August,
Nicolas,
Mark,
Waylon,
Colin,
Bradley,
Kaden,
Kyle,
Xander,
Caden,
Paxton,
Brian,
Dean,
Paul,
Peter,
Kenneth,
Jasper,
Lorenzo,
Zane,
River,
Zion,
Beckett,
Jax,
Dawson,
Andres,
Messiah,
Jaden,
Rhett,
Lukas,
Brady,
Omar,
Jorge,
Riley,
Derek,
Charlie,
Emiliano,
Myles,
Griffin,
Israel,
Judah,
Brooks,
Sean,
Iker,
Javier,
Corbin,
Tanner,
Erick,
Adriel,
Jase,
Jake,
Simon,
Cayden,
Knox,
Tobias,
Milo,
Felix,
Jayceon,
Gunner,
Francisco,
Kameron,
Cash,
Remington,
Cody,
Rylan,
Martin,
Reid,
Andre,
Barrett,
Maximiliano,
Zander,
Archer,
Killian,
Clayton,
Stephen,
Thiago,
Spencer,
Amari,
Holden,
Josue,
Arthur,
Emilio,
Chance,
Eduardo,
Leon,
Travis,
Damien,
Manuel,
Ricardo,
Gage,
Keegan,
Titus,
Raymond,
Kyrie,
Nash,
Finley,
Fernando,
Louis,
Peyton,
Rafael,
Phoenix,
Jaiden,
Lane,
Emerson,
Dallas,
Cristian,
Collin,
Kyler,
Devin,
Jeffrey,
Walter,
Seth,
Anderson,
Cesar,
Donovan,
Mario,
Enzo,
Garrett,
Conner,
Legend,
Caiden,
Beckha
Jett,
Ronan,
Troy,
Edwin,
Karson,
Hector,
Trevor,
Cohen,
Ali,
Conor,
Orion,
Shane,
Marco,
Andy,
Angelo,
Quinn,
Walker,
Dalton,
Tyson,
Sergio,
Ace,
Johnny,
Colt,
Dominick,
Gideon,
Julius,
Johnathan,
Cruz,
Edgar,
Dante,
Prince,
Marshall,
Ellis,
Joaquin,
Major,
Arlo,
Alexis,
Reed,
Muhammad,
Frank,
Theo,
Shawn,
Erik,
Grady,
Daxton,
Gregory,
Nehemiah,
Atticus,
Bodhi,
Matias,
Emanuel,
Jensen,
Kash,
Solomon,
Romeo,
Desmond,
Allen,
Jaylen,
Roberto,
Leonel,
Pedro,
Kason,
Dakota,
Fabian,
Clark,
Abra
Kayson,
Noel,
Malik,
Odin,
Jared,
Kendrick,
Rory,
Warren,
Jonas,
Trenton,
Adan,
Ibrahi
Finnegan,
Landen,
Jay,
Adonis,
Drew,
Ruben,
Atlas,
Jaxton,
Gunnar,
Hendrix,
Ismael,
Kane,
Pablo,
Wade,
Zaiden,
Russell,
Malcol
Sullivan,
Cade,
Kade,
Harvey,
Princeton,
Skyler,
Corey,
Esteban,
Leland,
Ari,
Zayn,
Derrick,
Porter,
Kamden,
Franklin,
Raiden,
Braylon,
Cyrus,
Malakai,
Ronald,
Benson,
Hugo,
Marcos,
Maximilian,
Hayes,
Philip,
Lawson,
Phillip,
Zachariah,
Bruce,
Dexter,
Braylen,
Damon,
Aden,
Drake,
Lennox,
Enrique,
Khalil,
Zayne,
Tate,
Brock,
Brendan,
Milan,
Armando,
Gerardo,
Jamison,
Rocco,
Nasir,
Augustus,
Dillon,
Moses,
Sterling,
Royal,
Royce,
Johan,
Scott,
Jaime,
Cason,
Chandler,
Deacon,
Raul,
Luka,
Remy,
Winston,
Mohamed,
Pierce,
Albert,
Brycen,
Taylor,
Danny,
Moises,
Francis,
Nikolai,
Bowen,
Jayson,
Quentin,
Hank,
Keith,
Kasen,
Julio,
Donald,
Davis,
Kolton,
Alec,
Lawrence,
Rhys,
Matthias,
Nico,
Kian,
Justice,
Ariel,
Kellan,
Mathias,
Braden,
Jerry,
Ryland,
Leonidas,
Rodrigo,
Lewis,
Ronin,
Dennis,
Alijah,
Kobe,
Luciano,
Frederick,
Darius,
Ahmed,
Arjun,
Asa,
Dax,
Nixon,
Eden,
Emmitt,
Ezequiel,
Tony,
Mathew,
Landyn,
Otto,
Kyson,
Saul,
Colby,
Uriel,
Dustin,
Omari,
Brennan,
Raphael,
Keaton,
Callen,
Arturo,
Isaias,
Kieran,
Roy,
Ty,
Cannon,
Dorian,
Marvin,
Uriah,
Cullen,
Sage,
Darren,
Moshe,
Cayson,
Aarav,
Case,
Izaiah,
Gustavo,
Jimmy,
Armani,
Alberto,
Duke,
Chris,
Rayan,
Casey,
Roland,
Curtis,
Mauricio,
Soren,
Alonzo,
Nikolas,
Yusuf,
Hamza,
Devon,
Jasiah,
Alfredo,
Jamari,
Raylan,
Jalen,
Samson,
Edison,
Oakley,
Quincy,
Reece,
Sa
Lionel,
Jakob,
Kingsley,
Apollo,
Bryant,
Ahmad,
Trey,
Alvin,
Mitchell,
Conrad,
Mohammed,
Salvador,
Quinton,
Bo,
Mohammad,
Elian,
Lennon,
Leonard,
Cassius,
Gianni,
Ricky,
Douglas,
Larry,
Carl,
Colten,
Gary,
Ramon,
Issac,
Korbin,
Kellen,
Wilson,
Julien,
Santino,
Jagger,
Kylan,
Niko,
Lance,
Jefferson,
Joe,